measure_id,weight,source
C01,1,https://www.cms.gov/files/document/2026-star-ratings-technical-notes.pdf
C02,1,https://www.cms.gov/files/document/2026-star-ratings-technical-notes.pdf
C03,1,https://www.cms.gov/files/document/2026-star-ratings-technical-notes.pdf
C04,1,https://www.cms.gov/files/document/2026-star-ratings-technical-notes.pdf
C05,1,https://www.cms.gov/files/document/2026-star-ratings-technical-notes.pdf
C06,1,https://www.cms.gov/files/document/2026-star-ratings-technical-notes.pdf
C07,1,https://www.cms.gov/files/document/2026-star-ratings-technical-notes.pdf
C08,1,https://www.cms.gov/files/document/2026-star-ratings-technical-notes.pdf
C09,1,https://www.cms.gov/files/document/2026-star-ratings-technical-notes.pdf
C10,1,https://www.cms.gov/files/document/2026-star-ratings-technical-notes.pdf
C11,1,https://www.cms.gov/files/document/2026-star-ratings-technical-notes.pdf
C12,3,https://www.cms.gov/files/document/2026-star-ratings-technical-notes.pdf
C13,1,https://www.cms.gov/files/document/2026-star-ratings-technical-notes.pdf
C14,3,https://www.cms.gov/files/document/2026-star-ratings-technical-notes.pdf
C15,1,https://www.cms.gov/files/document/2026-star-ratings-technical-notes.pdf
C16,1,https://www.cms.gov/files/document/2026-star-ratings-technical-notes.pdf
C17,1,https://www.cms.gov/files/document/2026-star-ratings-technical-notes.pdf
C18,3,https://www.cms.gov/files/document/2026-star-ratings-technical-notes.pdf
C19,1,https://www.cms.gov/files/document/2026-star-ratings-technical-notes.pdf
C20,1,https://www.cms.gov/files/document/2026-star-ratings-technical-notes.pdf
C21,1,https://www.cms.gov/files/document/2026-star-ratings-technical-notes.pdf
C22,2,https://www.cms.gov/files/document/2026-star-ratings-technical-notes.pdf
C23,2,https://www.cms.gov/files/document/2026-star-ratings-technical-notes.pdf
C24,2,https://www.cms.gov/files/document/2026-star-ratings-technical-notes.pdf
C25,2,https://www.cms.gov/files/document/2026-star-ratings-technical-notes.pdf
C26,2,https://www.cms.gov/files/document/2026-star-ratings-technical-notes.pdf
C27,2,https://www.cms.gov/files/document/2026-star-ratings-technical-notes.pdf
C28,2,https://www.cms.gov/files/document/2026-star-ratings-technical-notes.pdf
C29,2,https://www.cms.gov/files/document/2026-star-ratings-technical-notes.pdf
C30,5,https://www.cms.gov/files/document/2026-star-ratings-technical-notes.pdf
C31,2,https://www.cms.gov/files/document/2026-star-ratings-technical-notes.pdf
C32,2,https://www.cms.gov/files/document/2026-star-ratings-technical-notes.pdf
C33,2,https://www.cms.gov/files/document/2026-star-ratings-technical-notes.pdf
D01,2,https://www.cms.gov/files/document/2026-star-ratings-technical-notes.pdf
D02,2,https://www.cms.gov/files/document/2026-star-ratings-technical-notes.pdf
D03,2,https://www.cms.gov/files/document/2026-star-ratings-technical-notes.pdf
D04,5,https://www.cms.gov/files/document/2026-star-ratings-technical-notes.pdf
D05,2,https://www.cms.gov/files/document/2026-star-ratings-technical-notes.pdf
D06,2,https://www.cms.gov/files/document/2026-star-ratings-technical-notes.pdf
D07,1,https://www.cms.gov/files/document/2026-star-ratings-technical-notes.pdf
D08,3,https://www.cms.gov/files/document/2026-star-ratings-technical-notes.pdf
D09,3,https://www.cms.gov/files/document/2026-star-ratings-technical-notes.pdf
D10,3,https://www.cms.gov/files/document/2026-star-ratings-technical-notes.pdf
D11,1,https://www.cms.gov/files/document/2026-star-ratings-technical-notes.pdf
D12,1,https://www.cms.gov/files/document/2026-star-ratings-technical-notes.pdf
