care_gap_code,amount,weight,source
DIAB_EYE_EXAM,25.0,38,InComm wallet incentive configuration (118 programs)
DIAB_EYE_EXAM,20.0,29,InComm wallet incentive configuration (118 programs)
DIAB_EYE_EXAM,5.0,26,InComm wallet incentive configuration (118 programs)
DIAB_EYE_EXAM,50.0,13,InComm wallet incentive configuration (118 programs)
DIAB_EYE_EXAM,10.0,10,InComm wallet incentive configuration (118 programs)
DIAB_EYE_EXAM,15.0,8,InComm wallet incentive configuration (118 programs)
DIAB_EYE_EXAM,30.0,4,InComm wallet incentive configuration (118 programs)
DIAB_EYE_EXAM,35.0,4,InComm wallet incentive configuration (118 programs)
DIAB_EYE_EXAM,100.0,2,InComm wallet incentive configuration (118 programs)
DIAB_EYE_EXAM,2.0,1,InComm wallet incentive configuration (118 programs)
DIAB_A1C_TEST,25.0,22,InComm wallet incentive configuration (46 programs)
DIAB_A1C_TEST,30.0,15,InComm wallet incentive configuration (46 programs)
DIAB_A1C_TEST,15.0,11,InComm wallet incentive configuration (46 programs)
DIAB_A1C_TEST,20.0,11,InComm wallet incentive configuration (46 programs)
DIAB_A1C_TEST,10.0,8,InComm wallet incentive configuration (46 programs)
DIAB_A1C_TEST,5.0,3,InComm wallet incentive configuration (46 programs)
DIAB_A1C_TEST,100.0,2,InComm wallet incentive configuration (46 programs)
DIAB_A1C_TEST,1.0,1,InComm wallet incentive configuration (46 programs)
DIAB_A1C_TEST,50.0,1,InComm wallet incentive configuration (46 programs)
DIAB_BLOOD_SUGAR,25.0,22,InComm wallet incentive configuration (46 programs)
DIAB_BLOOD_SUGAR,30.0,15,InComm wallet incentive configuration (46 programs)
DIAB_BLOOD_SUGAR,15.0,11,InComm wallet incentive configuration (46 programs)
DIAB_BLOOD_SUGAR,20.0,11,InComm wallet incentive configuration (46 programs)
DIAB_BLOOD_SUGAR,10.0,8,InComm wallet incentive configuration (46 programs)
DIAB_BLOOD_SUGAR,5.0,3,InComm wallet incentive configuration (46 programs)
DIAB_BLOOD_SUGAR,100.0,2,InComm wallet incentive configuration (46 programs)
DIAB_BLOOD_SUGAR,1.0,1,InComm wallet incentive configuration (46 programs)
DIAB_BLOOD_SUGAR,50.0,1,InComm wallet incentive configuration (46 programs)
DIAB_NEPHRO_SCREEN,35.0,10,InComm wallet incentive configuration (27 programs)
DIAB_NEPHRO_SCREEN,30.0,9,InComm wallet incentive configuration (27 programs)
DIAB_NEPHRO_SCREEN,10.0,6,InComm wallet incentive configuration (27 programs)
DIAB_NEPHRO_SCREEN,25.0,6,InComm wallet incentive configuration (27 programs)
DIAB_NEPHRO_SCREEN,5.0,3,InComm wallet incentive configuration (27 programs)
DIAB_NEPHRO_SCREEN,20.0,3,InComm wallet incentive configuration (27 programs)
DIAB_NEPHRO_SCREEN,15.0,3,InComm wallet incentive configuration (27 programs)
DIAB_NEPHRO_SCREEN,100.0,2,InComm wallet incentive configuration (27 programs)
HTN_PCP_FOLLOWUP,25.0,16,InComm wallet incentive configuration (37 programs)
HTN_PCP_FOLLOWUP,10.0,14,InComm wallet incentive configuration (37 programs)
HTN_PCP_FOLLOWUP,20.0,13,InComm wallet incentive configuration (37 programs)
HTN_PCP_FOLLOWUP,15.0,8,InComm wallet incentive configuration (37 programs)
HTN_PCP_FOLLOWUP,30.0,7,InComm wallet incentive configuration (37 programs)
HTN_PCP_FOLLOWUP,35.0,6,InComm wallet incentive configuration (37 programs)
HTN_PCP_FOLLOWUP,5.0,4,InComm wallet incentive configuration (37 programs)
HTN_PCP_FOLLOWUP,50.0,3,InComm wallet incentive configuration (37 programs)
HTN_PCP_FOLLOWUP,40.0,2,InComm wallet incentive configuration (37 programs)
HTN_PCP_FOLLOWUP,45.0,2,InComm wallet incentive configuration (37 programs)
COPD_SPIROMETRY,15.0,1,InComm catalog min/default/max (too few matching programs)
COPD_SPIROMETRY,20.0,1,InComm catalog min/default/max (too few matching programs)
COPD_SPIROMETRY,20.0,1,InComm catalog min/default/max (too few matching programs)
BH_POST_DISCHARGE_7D,25.0,21,InComm wallet incentive configuration (32 programs)
BH_POST_DISCHARGE_7D,20.0,13,InComm wallet incentive configuration (32 programs)
BH_POST_DISCHARGE_7D,10.0,9,InComm wallet incentive configuration (32 programs)
BH_POST_DISCHARGE_7D,50.0,4,InComm wallet incentive configuration (32 programs)
BH_POST_DISCHARGE_7D,30.0,2,InComm wallet incentive configuration (32 programs)
BH_POST_DISCHARGE_7D,5.0,2,InComm wallet incentive configuration (32 programs)
CKD_NEPHROLOGY_VISIT,35.0,10,InComm wallet incentive configuration (27 programs)
CKD_NEPHROLOGY_VISIT,30.0,9,InComm wallet incentive configuration (27 programs)
CKD_NEPHROLOGY_VISIT,10.0,6,InComm wallet incentive configuration (27 programs)
CKD_NEPHROLOGY_VISIT,25.0,6,InComm wallet incentive configuration (27 programs)
CKD_NEPHROLOGY_VISIT,5.0,3,InComm wallet incentive configuration (27 programs)
CKD_NEPHROLOGY_VISIT,20.0,3,InComm wallet incentive configuration (27 programs)
CKD_NEPHROLOGY_VISIT,15.0,3,InComm wallet incentive configuration (27 programs)
CKD_NEPHROLOGY_VISIT,100.0,2,InComm wallet incentive configuration (27 programs)
