redeem_p,fraction_treated,n_treated,incremental_closures,incremental_closures_ci_low,incremental_closures_ci_high,reward_cost_issued_usd,reward_cost_expected_usd,cost_model,pricing_status,breakeven_value_per_closure_usd,roi,value_basis,stars_value_per_closure_usd_low,required_lift_pp_for_breakeven_low,stars_roi_low,stars_value_per_closure_usd_base,required_lift_pp_for_breakeven_base,stars_roi_base,stars_value_per_closure_usd_high,required_lift_pp_for_breakeven_high,stars_roi_high,stars_value_basis,financial_slots_status,TreatmentSourceBasis
0.988,0.1,1167,77.60065967531054,34.76702034315761,120.43429900746347,25295.912307265247,12804.850738287229,pay_on_completion,LIFT_NOT_DISTINGUISHABLE_FROM_ZERO,,,NOT AVAILABLE — VALUE NOT YET PROVIDED,132.44323050556983,8.284644914742362,,1586.8198371893745,0.6914742999706223,,23290.01713796058,0.04711225112460785,,Research assumption (not InComm financials); QBP$ public (KFF 2026); weights InComm-sourced,"RAF: NOT_AVAILABLE (out of scope, see plan); Stars/QBP: range only",Research-generated IncentiveRewards mock
0.988,0.25,2917,147.77782354371388,40.71207724389376,254.843569843534,64594.10203564909,29666.6422878406,pay_on_completion,LIFT_NOT_DISTINGUISHABLE_FROM_ZERO,,,NOT AVAILABLE — VALUE NOT YET PROVIDED,135.7364158381899,7.492652458062152,,1626.275925608502,0.6253709925626678,,23869.12067192321,0.042608431360224686,,Research assumption (not InComm financials); QBP$ public (KFF 2026); weights InComm-sourced,"RAF: NOT_AVAILABLE (out of scope, see plan); Stars/QBP: range only",Research-generated IncentiveRewards mock
0.988,0.5,5834,205.52786831825262,-8.603624281387624,419.65936091789285,131587.63930148637,54579.557998681885,pay_on_completion,LIFT_NOT_DISTINGUISHABLE_FROM_ZERO,,,NOT AVAILABLE — VALUE NOT YET PROVIDED,143.0495800479945,6.539988766259937,,1713.8959118957832,0.5458573300972861,,25155.133699005826,0.037190923241606944,,Research assumption (not InComm financials); QBP$ public (KFF 2026); weights InComm-sourced,"RAF: NOT_AVAILABLE (out of scope, see plan); Stars/QBP: range only",Research-generated IncentiveRewards mock
0.988,1.0,11669,107.59908227519443,-320.70060698521036,535.8987715355993,265906.5254262666,100588.41517884683,pay_on_completion,LIFT_NOT_DISTINGUISHABLE_FROM_ZERO,,,NOT AVAILABLE — VALUE NOT YET PROVIDED,151.42857142857142,5.692545368974139,,1814.2857142857142,0.475125833945873,,26628.571428571428,0.032371770875067526,,Research assumption (not InComm financials); QBP$ public (KFF 2026); weights InComm-sourced,"RAF: NOT_AVAILABLE (out of scope, see plan); Stars/QBP: range only",Research-generated IncentiveRewards mock
0.55,0.1,1167,77.60065967531054,34.76702034315761,120.43429900746347,25295.912307265247,7128.206382649773,pay_on_completion,LIFT_NOT_DISTINGUISHABLE_FROM_ZERO,,,NOT AVAILABLE — VALUE NOT YET PROVIDED,132.44323050556983,4.6118974727816795,,1586.8198371893745,0.3849300252872898,,23290.01713796058,0.026226455585561054,,Research assumption (not InComm financials); QBP$ public (KFF 2026); weights InComm-sourced,"RAF: NOT_AVAILABLE (out of scope, see plan); Stars/QBP: range only",Research-generated IncentiveRewards mock
0.55,0.25,2917,147.77782354371388,40.71207724389376,254.843569843534,64594.10203564909,16514.83123310965,pay_on_completion,LIFT_NOT_DISTINGUISHABLE_FROM_ZERO,,,NOT AVAILABLE — VALUE NOT YET PROVIDED,135.7364158381899,4.171010983739054,,1626.275925608502,0.3481316254144407,,23869.12067192321,0.02371926846976071,,Research assumption (not InComm financials); QBP$ public (KFF 2026); weights InComm-sourced,"RAF: NOT_AVAILABLE (out of scope, see plan); Stars/QBP: range only",Research-generated IncentiveRewards mock
0.55,0.5,5834,205.52786831825262,-8.603624281387624,419.65936091789285,131587.63930148637,30383.357185501052,pay_on_completion,LIFT_NOT_DISTINGUISHABLE_FROM_ZERO,,,NOT AVAILABLE — VALUE NOT YET PROVIDED,143.0495800479945,3.6406820055090745,,1713.8959118957832,0.3038679469165054,,25155.133699005826,0.02070344917295933,,Research assumption (not InComm financials); QBP$ public (KFF 2026); weights InComm-sourced,"RAF: NOT_AVAILABLE (out of scope, see plan); Stars/QBP: range only",Research-generated IncentiveRewards mock
0.55,1.0,11669,107.59908227519443,-320.70060698521036,535.8987715355993,265906.5254262666,55995.57525138235,pay_on_completion,LIFT_NOT_DISTINGUISHABLE_FROM_ZERO,,,NOT AVAILABLE — VALUE NOT YET PROVIDED,151.42857142857142,3.16892707787022,,1814.2857142857142,0.26449312618444354,,26628.571428571428,0.01802072265312464,,Research assumption (not InComm financials); QBP$ public (KFF 2026); weights InComm-sourced,"RAF: NOT_AVAILABLE (out of scope, see plan); Stars/QBP: range only",Research-generated IncentiveRewards mock
0.75,0.1,1167,77.60065967531054,34.76702034315761,120.43429900746347,25295.912307265247,9720.281430886054,pay_on_completion,LIFT_NOT_DISTINGUISHABLE_FROM_ZERO,,,NOT AVAILABLE — VALUE NOT YET PROVIDED,132.44323050556983,6.288951099247745,,1586.8198371893745,0.5249045799372133,,23290.01713796058,0.03576334852576507,,Research assumption (not InComm financials); QBP$ public (KFF 2026); weights InComm-sourced,"RAF: NOT_AVAILABLE (out of scope, see plan); Stars/QBP: range only",Research-generated IncentiveRewards mock
0.75,0.25,2917,147.77782354371388,40.71207724389376,254.843569843534,64594.10203564909,22520.22440878588,pay_on_completion,LIFT_NOT_DISTINGUISHABLE_FROM_ZERO,,,NOT AVAILABLE — VALUE NOT YET PROVIDED,135.7364158381899,5.687742250553254,,1626.275925608502,0.4747249437469645,,23869.12067192321,0.032344457004219146,,Research assumption (not InComm financials); QBP$ public (KFF 2026); weights InComm-sourced,"RAF: NOT_AVAILABLE (out of scope, see plan); Stars/QBP: range only",Research-generated IncentiveRewards mock
0.75,0.5,5834,205.52786831825262,-8.603624281387624,419.65936091789285,131587.63930148637,41431.85070750143,pay_on_completion,LIFT_NOT_DISTINGUISHABLE_FROM_ZERO,,,NOT AVAILABLE — VALUE NOT YET PROVIDED,143.0495800479945,4.964566371148738,,1713.8959118957832,0.41436538215887103,,25155.133699005826,0.028231976144944538,,Research assumption (not InComm financials); QBP$ public (KFF 2026); weights InComm-sourced,"RAF: NOT_AVAILABLE (out of scope, see plan); Stars/QBP: range only",Research-generated IncentiveRewards mock
0.75,1.0,11669,107.59908227519443,-320.70060698521036,535.8987715355993,265906.5254262666,76357.60261552138,pay_on_completion,LIFT_NOT_DISTINGUISHABLE_FROM_ZERO,,,NOT AVAILABLE — VALUE NOT YET PROVIDED,151.42857142857142,4.321264197095753,,1814.2857142857142,0.36067244479696836,,26628.571428571428,0.02457371270880632,,Research assumption (not InComm financials); QBP$ public (KFF 2026); weights InComm-sourced,"RAF: NOT_AVAILABLE (out of scope, see plan); Stars/QBP: range only",Research-generated IncentiveRewards mock
