care_gap_code,n_offers,baseline_closure,rr_case,odds_ratio,implied_rr,p_close_if_offered,lift_pp,attributable_share_of_closers,value_case,closure_value_usd,cost_per_offer_usd,benefit_per_offer_usd,net_per_offer_usd,roi,break_even_rr,break_even_feasible,stars_value_is_zero,basis,net_total_usd,cost_total_usd,avoided_cost_usd,avoided_cost_status,value_with_avoided_usd,net_per_offer_with_avoided_usd,break_even_rr_with_avoided
BH_POST_DISCHARGE_7D,1667,0.7452025586353944,low,1.0,1.0,0.7452025586353944,0.0,0.0,low,0.0,16.529761695723064,0.0,-16.529761695723064,-1.0,,False,True,"Published evidence (external; not InComm lift, not mock lift)",-27555.112746770348,27555.112746770348,1.2212453270876722e-13,ESTIMATED,1.2212453270876722e-13,-16.529761695723064,
BH_POST_DISCHARGE_7D,1667,0.7452025586353944,low,1.0,1.0,0.7452025586353944,0.0,0.0,base,0.0,16.529761695723064,0.0,-16.529761695723064,-1.0,,False,True,"Published evidence (external; not InComm lift, not mock lift)",-27555.112746770348,27555.112746770348,198.36734693877585,ESTIMATED,198.36734693877585,-16.529761695723064,1.1258987464258072
BH_POST_DISCHARGE_7D,1667,0.7452025586353944,low,1.0,1.0,0.7452025586353944,0.0,0.0,high,0.0,16.529761695723064,0.0,-16.529761695723064,-1.0,,False,True,"Published evidence (external; not InComm lift, not mock lift)",-27555.112746770348,27555.112746770348,853.240660295395,ESTIMATED,853.240660295395,-16.529761695723064,1.0266907237401521
BH_POST_DISCHARGE_7D,1667,0.7452025586353944,base,1.261941448382126,1.055841735478125,0.7868159627923341,4.161340415693971,0.05288835779240896,low,0.0,17.452812275852075,0.0,-17.452812275852075,-1.0,,False,True,"Published evidence (external; not InComm lift, not mock lift)",-29093.83806384541,29093.83806384541,1.2212453270876722e-13,ESTIMATED,1.2212453270876722e-13,-17.45281227585207,
BH_POST_DISCHARGE_7D,1667,0.7452025586353944,base,1.261941448382126,1.055841735478125,0.7868159627923341,4.161340415693971,0.05288835779240896,base,0.0,17.452812275852075,0.0,-17.452812275852075,-1.0,,False,True,"Published evidence (external; not InComm lift, not mock lift)",-29093.83806384541,29093.83806384541,198.36734693877585,ESTIMATED,198.36734693877585,-9.198071696148919,1.1258987464258072
BH_POST_DISCHARGE_7D,1667,0.7452025586353944,base,1.261941448382126,1.055841735478125,0.7868159627923341,4.161340415693971,0.05288835779240896,high,0.0,17.452812275852075,0.0,-17.452812275852075,-1.0,,False,True,"Published evidence (external; not InComm lift, not mock lift)",-29093.83806384541,29093.83806384541,853.240660295395,ESTIMATED,853.240660295395,18.0534361641543,1.0266907237401521
BH_POST_DISCHARGE_7D,1667,0.7452025586353944,high,1.7317073170731703,1.1206501985596016,0.8351113953018778,8.990883666648342,0.10766089071743894,low,0.0,18.524080726454944,0.0,-18.524080726454944,-1.0,,False,True,"Published evidence (external; not InComm lift, not mock lift)",-30879.642571000393,30879.642571000393,1.2212453270876722e-13,ESTIMATED,1.2212453270876722e-13,-18.524080726454933,
BH_POST_DISCHARGE_7D,1667,0.7452025586353944,high,1.7317073170731703,1.1206501985596016,0.8351113953018778,8.990883666648342,0.10766089071743894,base,0.0,18.524080726454944,0.0,-18.524080726454944,-1.0,,False,True,"Published evidence (external; not InComm lift, not mock lift)",-30879.642571000393,30879.642571000393,198.36734693877585,ESTIMATED,198.36734693877585,-0.6891033305728982,1.1258987464258072
BH_POST_DISCHARGE_7D,1667,0.7452025586353944,high,1.7317073170731703,1.1206501985596016,0.8351113953018778,8.990883666648342,0.10766089071743894,high,0.0,18.524080726454944,0.0,-18.524080726454944,-1.0,,False,True,"Published evidence (external; not InComm lift, not mock lift)",-30879.642571000393,30879.642571000393,853.240660295395,ESTIMATED,853.240660295395,58.18979443724619,1.0266907237401521
COPD_SPIROMETRY,1667,0.5933701657458563,low,1.0,1.0000000000000002,0.5933701657458564,1.1102230246251565e-14,1.8710462519288017e-16,low,0.0,10.747911602209944,0.0,-10.747911602209944,-1.0,,False,True,"Published evidence (external; not InComm lift, not mock lift)",-17916.768640883976,17916.768640883976,,NOT_MODELLED: no verified closure-to-utilization link,0.0,-10.747911602209944,
COPD_SPIROMETRY,1667,0.5933701657458563,low,1.0,1.0000000000000002,0.5933701657458564,1.1102230246251565e-14,1.8710462519288017e-16,base,0.0,10.747911602209944,0.0,-10.747911602209944,-1.0,,False,True,"Published evidence (external; not InComm lift, not mock lift)",-17916.768640883976,17916.768640883976,,NOT_MODELLED: no verified closure-to-utilization link,0.0,-10.747911602209944,
COPD_SPIROMETRY,1667,0.5933701657458563,low,1.0,1.0000000000000002,0.5933701657458564,1.1102230246251565e-14,1.8710462519288017e-16,high,0.0,10.747911602209944,0.0,-10.747911602209944,-1.0,,False,True,"Published evidence (external; not InComm lift, not mock lift)",-17916.768640883976,17916.768640883976,,NOT_MODELLED: no verified closure-to-utilization link,0.0,-10.747911602209944,
COPD_SPIROMETRY,1667,0.5933701657458563,base,1.261941448382126,1.092185047927089,0.6480700229136428,5.4699857167786465,0.08440423910037169,low,0.0,11.738708348375782,0.0,-11.738708348375782,-1.0,,False,True,"Published evidence (external; not InComm lift, not mock lift)",-19568.42681674243,19568.42681674243,,NOT_MODELLED: no verified closure-to-utilization link,0.0,-11.738708348375782,
COPD_SPIROMETRY,1667,0.5933701657458563,base,1.261941448382126,1.092185047927089,0.6480700229136428,5.4699857167786465,0.08440423910037169,base,0.0,11.738708348375782,0.0,-11.738708348375782,-1.0,,False,True,"Published evidence (external; not InComm lift, not mock lift)",-19568.42681674243,19568.42681674243,,NOT_MODELLED: no verified closure-to-utilization link,0.0,-11.738708348375782,
COPD_SPIROMETRY,1667,0.5933701657458563,base,1.261941448382126,1.092185047927089,0.6480700229136428,5.4699857167786465,0.08440423910037169,high,0.0,11.738708348375782,0.0,-11.738708348375782,-1.0,,False,True,"Published evidence (external; not InComm lift, not mock lift)",-19568.42681674243,19568.42681674243,,NOT_MODELLED: no verified closure-to-utilization link,0.0,-11.738708348375782,
COPD_SPIROMETRY,1667,0.5933701657458563,high,1.7317073170731703,1.2074603025462745,0.7164709198534247,12.310075410756838,0.171815422924286,low,0.0,12.977676594945033,0.0,-12.977676594945033,-1.0,,False,True,"Published evidence (external; not InComm lift, not mock lift)",-21633.78688377337,21633.78688377337,,NOT_MODELLED: no verified closure-to-utilization link,0.0,-12.977676594945033,
COPD_SPIROMETRY,1667,0.5933701657458563,high,1.7317073170731703,1.2074603025462745,0.7164709198534247,12.310075410756838,0.171815422924286,base,0.0,12.977676594945033,0.0,-12.977676594945033,-1.0,,False,True,"Published evidence (external; not InComm lift, not mock lift)",-21633.78688377337,21633.78688377337,,NOT_MODELLED: no verified closure-to-utilization link,0.0,-12.977676594945033,
COPD_SPIROMETRY,1667,0.5933701657458563,high,1.7317073170731703,1.2074603025462745,0.7164709198534247,12.310075410756838,0.171815422924286,high,0.0,12.977676594945033,0.0,-12.977676594945033,-1.0,,False,True,"Published evidence (external; not InComm lift, not mock lift)",-21633.78688377337,21633.78688377337,,NOT_MODELLED: no verified closure-to-utilization link,0.0,-12.977676594945033,
DIAB_A1C_TEST,1667,0.19453551912568307,low,1.0,0.9999999999999999,0.19453551912568304,-2.7755575615628914e-15,-1.4267613308033966e-16,low,191.9025735506307,4.495947186530791,-5.32636639101832e-15,-4.495947186530796,-1.000000000000001,1.1369216164475553,True,False,"Published evidence (external; not InComm lift, not mock lift)",-7494.743959946837,7494.743959946829,,NOT_MODELLED: no verified closure-to-utilization link,191.9025735506307,-4.495947186530796,1.1369216164475553
DIAB_A1C_TEST,1667,0.19453551912568307,low,1.0,0.9999999999999999,0.19453551912568304,-2.7755575615628914e-15,-1.4267613308033966e-16,base,302.99227222168844,4.495947186530791,-8.409724922600293e-15,-4.495947186530799,-1.0000000000000018,1.0825750312910771,True,False,"Published evidence (external; not InComm lift, not mock lift)",-7494.743959946842,7494.743959946829,,NOT_MODELLED: no verified closure-to-utilization link,302.99227222168844,-4.495947186530799,1.0825750312910771
DIAB_A1C_TEST,1667,0.19453551912568307,low,1.0,0.9999999999999999,0.19453551912568304,-2.7755575615628914e-15,-1.4267613308033966e-16,high,502.20982065287234,4.495947186530791,-1.3939122652042233e-14,-4.495947186530805,-1.000000000000003,1.0482388962760814,True,False,"Published evidence (external; not InComm lift, not mock lift)",-7494.743959946853,7494.743959946829,,NOT_MODELLED: no verified closure-to-utilization link,502.20982065287234,-4.495947186530805,1.0482388962760814
DIAB_A1C_TEST,1667,0.19453551912568307,base,1.261941448382126,1.2007546927951671,0.23358943750550792,3.905391837982486,0.16719042948551124,low,191.9025735506307,5.398529682786077,7.4945474443246685,2.096017761538591,0.38825715235428265,1.1369216164475553,True,False,"Published evidence (external; not InComm lift, not mock lift)",3494.061608484831,8999.348981204392,,NOT_MODELLED: no verified closure-to-utilization link,191.9025735506307,2.096017761538591,1.1369216164475553
DIAB_A1C_TEST,1667,0.19453551912568307,base,1.261941448382126,1.2007546927951671,0.23358943750550792,3.905391837982486,0.16719042948551124,base,302.99227222168844,5.398529682786077,11.833035469063494,6.434505786277417,1.191899677201866,1.0825750312910771,True,False,"Published evidence (external; not InComm lift, not mock lift)",10726.321145724454,8999.348981204392,,NOT_MODELLED: no verified closure-to-utilization link,302.99227222168844,6.434505786277417,1.0825750312910771
DIAB_A1C_TEST,1667,0.19453551912568307,base,1.261941448382126,1.2007546927951671,0.23358943750550792,3.905391837982486,0.16719042948551124,high,502.20982065287234,5.398529682786077,19.613261345323757,14.21473166253768,2.633074651393179,1.0482388962760814,True,False,"Published evidence (external; not InComm lift, not mock lift)",23695.957681450313,8999.348981204392,,NOT_MODELLED: no verified closure-to-utilization link,502.20982065287234,14.21473166253768,1.0482388962760814
DIAB_A1C_TEST,1667,0.19453551912568307,high,1.7317073170731703,1.5159257962898143,0.2949014117372535,10.036589261157042,0.34033710459478167,low,191.9025735506307,6.815522318818641,19.260473088866593,12.444950770047953,1.825971684618455,1.1369216164475553,True,False,"Published evidence (external; not InComm lift, not mock lift)",20745.732933669937,11361.475705470675,,NOT_MODELLED: no verified closure-to-utilization link,191.9025735506307,12.444950770047953,1.1369216164475553
DIAB_A1C_TEST,1667,0.19453551912568307,high,1.7317073170731703,1.5159257962898143,0.2949014117372535,10.036589261157042,0.34033710459478167,base,302.99227222168844,6.815522318818641,30.41008985593769,23.59456753711905,3.4618869153976712,1.0825750312910771,True,False,"Published evidence (external; not InComm lift, not mock lift)",39332.14408437746,11361.475705470675,,NOT_MODELLED: no verified closure-to-utilization link,302.99227222168844,23.59456753711905,1.0825750312910771
DIAB_A1C_TEST,1667,0.19453551912568307,high,1.7317073170731703,1.5159257962898143,0.2949014117372535,10.036589261157042,0.34033710459478167,high,502.20982065287234,6.815522318818641,50.404736928122226,43.58921460930358,6.395579468494654,1.0482388962760814,True,False,"Published evidence (external; not InComm lift, not mock lift)",72663.22075370907,11361.475705470675,,NOT_MODELLED: no verified closure-to-utilization link,502.20982065287234,43.58921460930358,1.0482388962760814
DIAB_BLOOD_SUGAR,1667,0.30686695278969955,low,1.0,1.0,0.30686695278969955,0.0,0.0,low,191.9025735506307,7.092060201832733,0.0,-7.092060201832733,-1.0,1.1369216164475553,True,False,"Published evidence (external; not InComm lift, not mock lift)",-11822.464356455166,11822.464356455166,,NOT_MODELLED: no verified closure-to-utilization link,191.9025735506307,-7.092060201832733,1.1369216164475553
DIAB_BLOOD_SUGAR,1667,0.30686695278969955,low,1.0,1.0,0.30686695278969955,0.0,0.0,base,302.99227222168844,7.092060201832733,0.0,-7.092060201832733,-1.0,1.0825750312910771,True,False,"Published evidence (external; not InComm lift, not mock lift)",-11822.464356455166,11822.464356455166,,NOT_MODELLED: no verified closure-to-utilization link,302.99227222168844,-7.092060201832733,1.0825750312910771
DIAB_BLOOD_SUGAR,1667,0.30686695278969955,low,1.0,1.0,0.30686695278969955,0.0,0.0,high,502.20982065287234,7.092060201832733,0.0,-7.092060201832733,-1.0,1.0482388962760814,True,False,"Published evidence (external; not InComm lift, not mock lift)",-11822.464356455166,11822.464356455166,,NOT_MODELLED: no verified closure-to-utilization link,502.20982065287234,-7.092060201832733,1.0482388962760814
DIAB_BLOOD_SUGAR,1667,0.30686695278969955,base,1.261941448382126,1.1680520529833753,0.35843657419876107,5.156962140906152,0.1438737704832125,low,191.9025735506307,8.283895478632415,9.896343065430608,1.6124475867981936,0.19464847075356773,1.1369216164475553,True,False,"Published evidence (external; not InComm lift, not mock lift)",2687.9501271925888,13809.253762880235,,NOT_MODELLED: no verified closure-to-utilization link,191.9025735506307,1.6124475867981936,1.1369216164475553
DIAB_BLOOD_SUGAR,1667,0.30686695278969955,base,1.261941448382126,1.1680520529833753,0.35843657419876107,5.156962140906152,0.1438737704832125,base,302.99227222168844,8.283895478632415,15.625196768343779,7.341301289711364,0.8862136549945143,1.0825750312910771,True,False,"Published evidence (external; not InComm lift, not mock lift)",12237.949249948844,13809.253762880235,,NOT_MODELLED: no verified closure-to-utilization link,302.99227222168844,7.341301289711364,1.0825750312910771
DIAB_BLOOD_SUGAR,1667,0.30686695278969955,base,1.261941448382126,1.1680520529833753,0.35843657419876107,5.156962140906152,0.1438737704832125,high,502.20982065287234,8.283895478632415,25.89877031898131,17.614874840348897,2.1263999389882366,1.0482388962760814,True,False,"Published evidence (external; not InComm lift, not mock lift)",29363.996358861612,13809.253762880235,,NOT_MODELLED: no verified closure-to-utilization link,502.20982065287234,17.614874840348897,1.0482388962760814
DIAB_BLOOD_SUGAR,1667,0.30686695278969955,high,1.7317073170731703,1.4141733629680286,0.4339630706103607,12.709611782066116,0.29287311853956355,low,191.9025735506307,10.02940262599751,24.390072098079052,14.360669472081542,1.4318569118819526,1.1369216164475553,True,False,"Published evidence (external; not InComm lift, not mock lift)",23939.23600995993,16719.01417753785,,NOT_MODELLED: no verified closure-to-utilization link,191.9025735506307,14.360669472081542,1.1369216164475553
DIAB_BLOOD_SUGAR,1667,0.30686695278969955,high,1.7317073170731703,1.4141733629680286,0.4339630706103607,12.709611782066116,0.29287311853956355,base,302.99227222168844,10.02940262599751,38.50914152903755,28.479738903040037,2.839624648153706,1.0825750312910771,True,False,"Published evidence (external; not InComm lift, not mock lift)",47475.72475136774,16719.01417753785,,NOT_MODELLED: no verified closure-to-utilization link,302.99227222168844,28.479738903040037,1.0825750312910771
DIAB_BLOOD_SUGAR,1667,0.30686695278969955,high,1.7317073170731703,1.4141733629680286,0.4339630706103607,12.709611782066116,0.29287311853956355,high,502.20982065287234,10.02940262599751,63.828918536390574,53.79951591039306,5.36417949469271,1.0482388962760814,True,False,"Published evidence (external; not InComm lift, not mock lift)",89683.79302262524,16719.01417753785,,NOT_MODELLED: no verified closure-to-utilization link,502.20982065287234,53.79951591039306,1.0482388962760814
DIAB_EYE_EXAM,1667,0.30010952902519167,low,1.0,1.0,0.30010952902519167,0.0,0.0,low,94.10552526157721,6.57150058009817,0.0,-6.57150058009817,-1.0,1.3032468752734954,True,False,"Published evidence (external; not InComm lift, not mock lift)",-10954.69146702365,10954.69146702365,,NOT_MODELLED: no verified closure-to-utilization link,94.10552526157721,-6.57150058009817,1.3032468752734954
DIAB_EYE_EXAM,1667,0.30010952902519167,low,1.0,1.0,0.30010952902519167,0.0,0.0,base,143.92788044480184,6.57150058009817,0.0,-6.57150058009817,-1.0,1.1794382590436554,True,False,"Published evidence (external; not InComm lift, not mock lift)",-10954.69146702365,10954.69146702365,,NOT_MODELLED: no verified closure-to-utilization link,143.92788044480184,-6.57150058009817,1.1794382590436554
DIAB_EYE_EXAM,1667,0.30010952902519167,low,1.0,1.0,0.30010952902519167,0.0,0.0,high,239.97298536303447,6.57150058009817,0.0,-6.57150058009817,-1.0,1.1004099929422897,True,False,"Published evidence (external; not InComm lift, not mock lift)",-10954.69146702365,10954.69146702365,,NOT_MODELLED: no verified closure-to-utilization link,239.97298536303447,-6.57150058009817,1.1004099929422897
DIAB_EYE_EXAM,1667,0.30010952902519167,base,1.261941448382126,1.1699688789376592,0.3511188092321124,5.100928020692075,0.14527641033665128,low,94.10552526157721,7.688451166635633,4.800255107087251,-2.888196059548382,-0.37565382115995405,1.3032468752734954,True,False,"Published evidence (external; not InComm lift, not mock lift)",-4814.622831267153,12816.6480947816,,NOT_MODELLED: no verified closure-to-utilization link,94.10552526157721,-2.888196059548381,1.3032468752734954
DIAB_EYE_EXAM,1667,0.30010952902519167,base,1.261941448382126,1.1699688789376592,0.3511188092321124,5.100928020692075,0.14527641033665128,base,143.92788044480184,7.688451166635633,7.341657583197087,-0.34679358343854627,-0.04510577955459639,1.1794382590436554,True,False,"Published evidence (external; not InComm lift, not mock lift)",-578.1049035920566,12816.6480947816,,NOT_MODELLED: no verified closure-to-utilization link,143.92788044480184,-0.3467935834385454,1.1794382590436554
DIAB_EYE_EXAM,1667,0.30010952902519167,base,1.261941448382126,1.1699688789376592,0.3511188092321124,5.100928020692075,0.14527641033665128,high,239.97298536303447,7.688451166635633,12.240849252474316,4.552398085838683,0.5921086038230966,1.1004099929422897,True,False,"Published evidence (external; not InComm lift, not mock lift)",7588.847609093084,12816.6480947816,,NOT_MODELLED: no verified closure-to-utilization link,239.97298536303447,4.552398085838685,1.1004099929422897
DIAB_EYE_EXAM,1667,0.30010952902519167,high,1.7317073170731703,1.419906687402799,0.4261275272161741,12.601799819098241,0.2957283680175245,low,94.10552526157721,9.330917619952766,11.858989912174888,2.528072292222122,0.2709350135956853,1.3032468752734954,True,False,"Published evidence (external; not InComm lift, not mock lift)",4214.296511134277,15554.63967246126,,NOT_MODELLED: no verified closure-to-utilization link,94.10552526157721,2.528072292222122,1.3032468752734956
DIAB_EYE_EXAM,1667,0.30010952902519167,high,1.7317073170731703,1.419906687402799,0.4261275272161741,12.601799819098241,0.2957283680175245,base,143.92788044480184,9.330917619952766,18.137503377524972,8.806585757572206,0.9438070419505843,1.1794382590436554,True,False,"Published evidence (external; not InComm lift, not mock lift)",14680.578457872867,15554.63967246126,,NOT_MODELLED: no verified closure-to-utilization link,143.92788044480184,8.806585757572206,1.1794382590436554
DIAB_EYE_EXAM,1667,0.30010952902519167,high,1.7317073170731703,1.419906687402799,0.4261275272161741,12.601799819098241,0.2957283680175245,high,239.97298536303447,9.330917619952766,30.240915235363527,20.90999761541076,2.240936901071538,1.1004099929422897,True,False,"Published evidence (external; not InComm lift, not mock lift)",34856.966024889734,15554.63967246126,,NOT_MODELLED: no verified closure-to-utilization link,239.97298536303447,20.90999761541076,1.1004099929422897
DIAB_NEPHRO_SCREEN,1667,0.2858660998937301,low,1.0,1.0,0.2858660998937301,0.0,0.0,low,68.31300260863742,7.733358635696574,0.0,-7.733358635696574,-1.0,1.6556464703259972,True,False,"Published evidence (external; not InComm lift, not mock lift)",-12891.508845706188,12891.508845706188,,NOT_MODELLED: no verified closure-to-utilization link,68.31300260863742,-7.733358635696574,1.6556464703259972
DIAB_NEPHRO_SCREEN,1667,0.2858660998937301,low,1.0,1.0,0.2858660998937301,0.0,0.0,base,111.17501227527052,7.733358635696574,0.0,-7.733358635696574,-1.0,1.321582676706168,True,False,"Published evidence (external; not InComm lift, not mock lift)",-12891.508845706188,12891.508845706188,,NOT_MODELLED: no verified closure-to-utilization link,111.17501227527052,-7.733358635696574,1.321582676706168
DIAB_NEPHRO_SCREEN,1667,0.2858660998937301,low,1.0,1.0,0.2858660998937301,0.0,0.0,high,195.44564041181744,7.733358635696574,0.0,-7.733358635696574,-1.0,1.1606500226863148,True,False,"Published evidence (external; not InComm lift, not mock lift)",-12891.508845706188,12891.508845706188,,NOT_MODELLED: no verified closure-to-utilization link,195.44564041181744,-7.733358635696574,1.1606500226863148
DIAB_NEPHRO_SCREEN,1667,0.2858660998937301,base,1.261941448382126,1.1740298793947341,0.33561534278127897,4.97492428875489,0.14823292187798026,low,68.31300260863742,9.079194106383076,3.3985201591548644,-5.680673947228211,-0.6256804161984427,1.6556464703259972,True,False,"Published evidence (external; not InComm lift, not mock lift)",-9469.683470029428,15135.016575340587,,NOT_MODELLED: no verified closure-to-utilization link,68.31300260863742,-5.680673947228211,1.6556464703259974
DIAB_NEPHRO_SCREEN,1667,0.2858660998937301,base,1.261941448382126,1.1740298793947341,0.33561534278127897,4.97492428875489,0.14823292187798026,base,111.17501227527052,9.079194106383076,5.530872688708663,-3.548321417674413,-0.39081898416289895,1.321582676706168,True,False,"Published evidence (external; not InComm lift, not mock lift)",-5915.051803263246,15135.016575340587,,NOT_MODELLED: no verified closure-to-utilization link,111.17501227527052,-3.548321417674412,1.321582676706168
DIAB_NEPHRO_SCREEN,1667,0.2858660998937301,base,1.261941448382126,1.1740298793947341,0.33561534278127897,4.97492428875489,0.14823292187798026,high,195.44564041181744,9.079194106383076,9.723272636160047,0.6440785297769711,0.07094005505666581,1.1606500226863148,True,False,"Published evidence (external; not InComm lift, not mock lift)",1073.6789091382109,15135.016575340587,,NOT_MODELLED: no verified closure-to-utilization link,195.44564041181744,0.6440785297769729,1.1606500226863148
DIAB_NEPHRO_SCREEN,1667,0.2858660998937301,high,1.7317073170731703,1.4321450772759425,0.40940172772287836,12.353562782914828,0.30174671835476186,low,68.31300260863742,11.075291500922246,8.439089666152269,-2.6362018347699774,-0.23802550339649836,1.6556464703259972,True,False,"Published evidence (external; not InComm lift, not mock lift)",-4394.548458561552,18462.510932037385,,NOT_MODELLED: no verified closure-to-utilization link,68.31300260863742,-2.6362018347699774,1.6556464703259968
DIAB_NEPHRO_SCREEN,1667,0.2858660998937301,high,1.7317073170731703,1.4321450772759425,0.40940172772287836,12.353562782914828,0.30174671835476186,base,111.17501227527052,11.075291500922246,13.734074940338811,2.658783439416565,0.24006442080510176,1.321582676706168,True,False,"Published evidence (external; not InComm lift, not mock lift)",4432.191993507414,18462.510932037385,,NOT_MODELLED: no verified closure-to-utilization link,111.17501227527052,2.658783439416565,1.3215826767061678
DIAB_NEPHRO_SCREEN,1667,0.2858660998937301,high,1.7317073170731703,1.4321450772759425,0.40940172772287836,12.353562782914828,0.30174671835476186,high,195.44564041181744,11.075291500922246,24.144499894743824,13.069208393821578,1.1800329041211508,1.1606500226863148,True,False,"Published evidence (external; not InComm lift, not mock lift)",21786.37039250057,18462.510932037385,,NOT_MODELLED: no verified closure-to-utilization link,195.44564041181744,13.069208393821578,1.1606500226863148
HTN_PCP_FOLLOWUP,1667,0.2599118942731278,low,1.0,1.0,0.2599118942731278,0.0,0.0,low,168.52024798236062,5.752162114537445,0.0,-5.752162114537445,-1.0,1.1511807085641184,True,False,"Published evidence (external; not InComm lift, not mock lift)",-9588.85424493392,9588.85424493392,,NOT_MODELLED: no verified closure-to-utilization link,168.52024798236062,-5.752162114537445,1.1511807085641184
HTN_PCP_FOLLOWUP,1667,0.2599118942731278,low,1.0,1.0,0.2599118942731278,0.0,0.0,base,238.90404763341564,5.752162114537445,0.0,-5.752162114537445,-1.0,1.1020939672178227,True,False,"Published evidence (external; not InComm lift, not mock lift)",-9588.85424493392,9588.85424493392,,NOT_MODELLED: no verified closure-to-utilization link,238.90404763341564,-5.752162114537445,1.1020939672178227
HTN_PCP_FOLLOWUP,1667,0.2599118942731278,low,1.0,1.0,0.2599118942731278,0.0,0.0,high,380.33782835393794,5.752162114537445,0.0,-5.752162114537445,-1.0,1.0617833346683148,True,False,"Published evidence (external; not InComm lift, not mock lift)",-9588.85424493392,9588.85424493392,,NOT_MODELLED: no verified closure-to-utilization link,380.33782835393794,-5.752162114537445,1.0617833346683148
HTN_PCP_FOLLOWUP,1667,0.2599118942731278,base,1.261941448382126,1.1815027358868275,0.3070866141732283,4.717471990010052,0.15362024172596841,low,168.52024798236062,6.7961952755905495,7.949895496063343,1.1537002204727935,0.169756779152074,1.1511807085641184,True,False,"Published evidence (external; not InComm lift, not mock lift)",1923.2182675281467,11329.257524409446,,NOT_MODELLED: no verified closure-to-utilization link,168.52024798236062,1.1537002204727935,1.1511807085641184
HTN_PCP_FOLLOWUP,1667,0.2599118942731278,base,1.261941448382126,1.1815027358868275,0.3070866141732283,4.717471990010052,0.15362024172596841,base,238.90404763341564,6.7961952755905495,11.270231530106656,4.474036254516107,0.6583148472182974,1.1020939672178227,True,False,"Published evidence (external; not InComm lift, not mock lift)",7458.21843627835,11329.257524409446,,NOT_MODELLED: no verified closure-to-utilization link,238.90404763341564,4.474036254516107,1.1020939672178227
HTN_PCP_FOLLOWUP,1667,0.2599118942731278,base,1.261941448382126,1.1815027358868275,0.3070866141732283,4.717471990010052,0.15362024172596841,high,380.33782835393794,6.7961952755905495,17.942330520009534,11.146135244418986,1.6400551768210416,1.0617833346683148,True,False,"Published evidence (external; not InComm lift, not mock lift)",18580.60745244645,11329.257524409446,,NOT_MODELLED: no verified closure-to-utilization link,380.33782835393794,11.146135244418986,1.0617833346683148
HTN_PCP_FOLLOWUP,1667,0.2599118942731278,high,1.7317073170731703,1.4549968402997198,0.37817098492371576,11.825909065058799,0.31271328410994587,low,168.52024798236062,8.369377701543737,19.92905128260555,11.559673581061812,1.3811867492764274,1.1511807085641184,True,False,"Published evidence (external; not InComm lift, not mock lift)",19269.97585963004,13951.75262847341,,NOT_MODELLED: no verified closure-to-utilization link,168.52024798236062,11.559673581061812,1.1511807085641184
HTN_PCP_FOLLOWUP,1667,0.2599118942731278,high,1.7317073170731703,1.4549968402997198,0.37817098492371576,11.825909065058799,0.31271328410994587,base,238.90404763341564,8.369377701543737,28.25257542587249,19.883197724328753,2.3757080195653355,1.1020939672178227,True,False,"Published evidence (external; not InComm lift, not mock lift)",33145.29060645603,13951.75262847341,,NOT_MODELLED: no verified closure-to-utilization link,238.90404763341564,19.883197724328753,1.1020939672178227
HTN_PCP_FOLLOWUP,1667,0.2599118942731278,high,1.7317073170731703,1.4549968402997198,0.37817098492371576,11.825909065058799,0.31271328410994587,high,380.33782835393794,8.369377701543737,44.97840572115612,36.60902801961238,4.374163686370592,1.0617833346683148,True,False,"Published evidence (external; not InComm lift, not mock lift)",61027.24970869384,13951.75262847341,,NOT_MODELLED: no verified closure-to-utilization link,380.33782835393794,36.60902801961238,1.0617833346683148
