rr_case,odds_ratio,value_case,net_total_usd,cost_total_usd,mean_implied_rr,attributable_share_of_closers,roi,basis
base,1.261941448382126,base,-24732.932755491496,110751.7898192041,1.1489050033432824,0.12792662440030061,-0.223318582894837,"Published evidence (external; not InComm lift, not mock lift)"
base,1.261941448382126,high,31640.823130401826,110751.7898192041,1.1489050033432824,0.12792662440030061,0.2856913028859727,"Published evidence (external; not InComm lift, not mock lift)"
base,1.261941448382126,low,-54841.34117867886,110751.7898192041,1.1489050033432824,0.12792662440030061,-0.4951734077454114,"Published evidence (external; not InComm lift, not mock lift)"
high,1.7317073170731703,base,86552.50043880775,128562.82257075435,1.3664654664774543,0.26041070103690034,0.6732311776304827,"Published evidence (external; not InComm lift, not mock lift)"
high,1.7317073170731703,high,227504.1704476447,128562.82257075435,1.3664654664774543,0.26041070103690034,1.7695953301152683,"Published evidence (external; not InComm lift, not mock lift)"
high,1.7317073170731703,low,11261.26340105887,128562.82257075435,1.3664654664774543,0.26041070103690034,0.08759346734831722,"Published evidence (external; not InComm lift, not mock lift)"
low,1.0,base,-98224.1442617201,98224.14426172008,1.0,6.346927444648643e-18,-1.0000000000000002,"Published evidence (external; not InComm lift, not mock lift)"
low,1.0,high,-98224.1442617201,98224.14426172008,1.0,6.346927444648643e-18,-1.0000000000000002,"Published evidence (external; not InComm lift, not mock lift)"
low,1.0,low,-98224.14426172008,98224.14426172008,1.0,6.346927444648643e-18,-1.0,"Published evidence (external; not InComm lift, not mock lift)"
